{
  "HTTP Request-1" : {
    "transaction" : "HTTP Request-1",
    "sampleCount" : 60,
    "errorCount" : 60,
    "errorPct" : 100.0,
    "meanResTime" : 171.28333333333333,
    "medianResTime" : 164.0,
    "minResTime" : 138.0,
    "maxResTime" : 308.0,
    "pct1ResTime" : 203.2,
    "pct2ResTime" : 246.09999999999985,
    "pct3ResTime" : 308.0,
    "throughput" : 0.3059055057892617,
    "receivedKBytesPerSec" : 0.9619294225013892,
    "sentKBytesPerSec" : 0.0612408483269518
  },
  "Total" : {
    "transaction" : "Total",
    "sampleCount" : 180,
    "errorCount" : 120,
    "errorPct" : 66.666664,
    "meanResTime" : 470.5388888888889,
    "medianResTime" : 515.0,
    "minResTime" : 138.0,
    "maxResTime" : 1644.0,
    "pct1ResTime" : 759.8,
    "pct2ResTime" : 815.0,
    "pct3ResTime" : 1502.2499999999995,
    "throughput" : 0.9146899201170803,
    "receivedKBytesPerSec" : 2.340915414049637,
    "sentKBytesPerSec" : 0.19056040002439173
  },
  "HTTP Request-0" : {
    "transaction" : "HTTP Request-0",
    "sampleCount" : 60,
    "errorCount" : 0,
    "errorPct" : 0.0,
    "meanResTime" : 533.1166666666668,
    "medianResTime" : 515.0,
    "minResTime" : 380.0,
    "maxResTime" : 1469.0,
    "pct1ResTime" : 641.0,
    "pct2ResTime" : 675.9499999999999,
    "pct3ResTime" : 1469.0,
    "throughput" : 0.305146292218261,
    "receivedKBytesPerSec" : 0.21187403688201517,
    "sentKBytesPerSec" : 0.03426935898935548
  },
  "HTTP Request" : {
    "transaction" : "HTTP Request",
    "sampleCount" : 60,
    "errorCount" : 60,
    "errorPct" : 100.0,
    "meanResTime" : 707.2166666666666,
    "medianResTime" : 692.5,
    "minResTime" : 528.0,
    "maxResTime" : 1644.0,
    "pct1ResTime" : 823.1,
    "pct2ResTime" : 852.5999999999999,
    "pct3ResTime" : 1644.0,
    "throughput" : 0.3048966400390267,
    "receivedKBytesPerSec" : 1.1704577070248185,
    "sentKBytesPerSec" : 0.09528020001219586
  }
}